profile_id	source_product_id	source_product_name
0	0	Berrylicious
1	1	Verve Vale
2	2	Secret of Bandit
3	3	Spicy Day
4	4	Fancy Dress
5	5	Moz Art
6	6	Superclass Woman
7	7	Black Lax
8	8	Red Glass
9	9	Classic Vintage
10	10	Aquazone
11	11	Solstice
12	12	Our First Love
13	13	Pentavenue
14	14	Black Ball
15	15	Patchouli Petals
16	16	Bosi Bottle
17	17	Fuck Boy
18	18	Colate Sport
19	19	Vandora
20	20	Cloud Grande
21	21	Whisper of Passion
22	22	SCENT SQUAD
23	23	SAFETY FIRST
24	24	Reef 33 Perfumes
25	25	CHARMING DECIVER
26	26	Golden Secret
27	27	Oran Cle
28	28	Authentic Discovery
29	29	Turathi Blue Afnan
30	30	Spring Breeze
31	31	Bright Cloud
32	32	Barbie
33	33	Jack Sparrow
34	34	Will You
35	35	Will Deep
36	36	Maxima Gold
37	37	deep water
38	38	Rainforest
39	39	Blue Crocodile
40	40	Treasure to Love
41	41	Dreamland
42	42	Spell Out
43	43	Stardust
44	44	Kenzoba
45	45	Autumn
46	46	The Scent Diva
47	47	Bad Boy
48	48	Vicaro
49	49	Dusk musk
50	50	aqua fresh woman
51	51	Harry Up
52	52	Last Season
53	53	Glamorious
54	54	Cover Girl
55	55	Lavish Lily
56	56	Lovin Him
57	57	Shout Man
58	58	Blatherskite
59	59	My Crush
60	60	Five Years
61	61	D Nova
62	62	How Deep
63	63	Sombrero
64	64	Woman In Love Never Cross
65	65	Breezy Bouquet
66	66	Bosa Nova
67	67	Victory
68	68	White Sense
69	69	Woman In Red
70	70	FOF
71	71	Darkness
72	72	Bamboo Cici
73	73	Rouge Velaurs
74	74	Add 5
75	75	Tacenda
76	76	Rayon
77	77	Dark Ages
78	78	Foreo Ice
79	79	Silk Blossom
80	80	Dory
81	81	King of Parties
82	82	Black Bond
83	83	cinnabar
84	84	Deep Crush
85	85	Zero Two
86	86	Erost
87	87	Momento
88	88	Usain Bolt
89	89	Big Boss
90	90	Vagabond
91	91	Only You
92	92	Jeep Shine
93	93	Spice Up
94	94	Advens
95	95	Mellifluous
96	96	Just A Boy
97	97	Great Police
98	98	Calestial Citrus
99	99	Tow Combination
100	100	Vintage Vision
101	101	Blue Hills
102	102	Forfive
103	103	Far From Home
104	104	Princess Charming
105	105	Haruke
106	106	D sava
107	107	Ocean Lounge
108	108	Queen Star
109	109	Perfect Girl
110	110	Axapollo
111	111	Hey Ma
112	112	Zimba
113	113	Moon AA
114	114	Blanc Space
115	115	Black Floral
116	116	Temperature
117	117	Bewitching
118	118	Plat Low
119	119	Aegen Si
120	120	Be Feminim
121	121	Popular
122	122	Jellyfish
123	123	Alinenor
124	124	My Angel
125	125	Chosen
126	126	Yamato One
127	127	eramusk
128	128	Ood Super
129	129	Dor Favor
130	130	Eifel
131	131	Champion Man
132	132	Silky Pink
133	133	Fit Woman
134	134	Twilight
135	135	Strong Girl
136	136	Tunefull
137	137	XO Nine
138	138	Gotcha
139	139	Arouse
140	140	Eternal Sunset
141	141	In The Groove
142	142	Omniscient
143	143	Ford Leather
144	144	Boomtown
145	145	London Love
146	146	Be Del Woman
147	147	Road Spice
148	148	Artemis
149	149	Dark Green
150	150	Forest
151	151	Mighty
152	152	Fresh Matcha
153	153	Gracias Garden
154	154	Haystack
155	155	Man in Green
156	156	Passion Art
157	157	Floral Noir
158	158	lost in space
159	159	Black Ford
160	160	Sweaty Man
161	161	Secret Code
162	162	Majesty
163	163	Fast and Furious
164	164	Fiori Leys
165	165	silk safron
166	166	Longlive
167	167	Milord
168	168	Classy Bless
169	169	Felice
170	170	CR 7
171	171	Blue Black
172	172	Liquid
173	173	Aqua Legend
174	174	Badge
175	175	MIB
176	176	Jeep White
177	177	Head Turner
178	178	Heritage
179	179	Ombredesire
180	180	Oudhi
181	181	Oud Man
182	182	Sandal an Oud
183	183	Monarca
184	184	Forest Night
185	185	Beatrize
186	186	Oud Noir
187	187	Musk Oud
188	188	Vetiver Intense
189	189	Blue Shine
190	190	Malika
191	191	Bidden Rose
192	192	Qardashi
193	193	Groovy Glam
194	194	Devine
195	195	Pixie Petals
196	196	Rosella
197	197	Ebbio
198	198	Scent Vintage
199	199	White Luxury
200	200	Bright Sunshine
201	201	Truly
202	202	Ruby Red
203	203	Full Of Passion
204	204	Charmile
205	205	Marveiles
206	206	Green Steam
207	207	Valesca
208	208	Rose of The Vent
209	209	Seven San
210	210	Celindion Sensation
211	211	Gempita
212	212	Waka-Waka
213	213	Mirage Moon
214	214	Candy Night
215	215	Glitter Glam
216	216	given sea
217	217	Callisto
218	218	Goo Squid
219	219	Cartir
220	220	Guci Gold
221	221	Sis Leys
222	222	Ice Americano
223	223	Axcoffe
224	224	Black Cocain
225	225	Collector's Edition
226	226	Rose of The Sea
227	227	Sweet Sunshine
228	228	Queen Flowers
229	229	Born to Shine
230	230	Calypso
231	231	Particless
232	232	Samericek
233	233	Black Mirage
234	234	Dalal
235	235	Soxy
236	236	She Walf
237	237	Cassanova
238	238	Milazombie
239	239	Yiper
240	240	Heather Sweet
241	241	Luminous Lotus
242	242	Sweet Saphier
243	243	Jongleuse
244	244	Clue Story
245	245	Days Girl
246	246	Nozomi
247	247	Spookie
248	248	Still With You
249	249	Green Eternity
250	250	Unicorn Lady
251	251	Twicy
252	252	High Lily
253	253	Endless Love
254	254	Just A Girl
255	255	Flower Mag
256	256	Glowing Face
257	257	Baorela
258	258	moonlit meadow
259	259	Fire Up
260	260	Gravy Glam
261	261	Opiate
262	262	Limited
263	263	Lovin You
264	264	In Love 1
265	265	Durant
266	266	Scarlett Heels
267	267	The Master
268	268	Hughes
269	269	Blooming
270	270	Insider
271	271	White Light
272	272	Mystery Girl
273	273	Sweet Vanilla
274	274	Choc Choco
275	275	CR Seven
276	276	Mady Girl
277	277	Delight Blue
278	278	Ice Cream
279	279	Sauve Kiss
280	280	Ana Sweet
281	281	Nowadays Man
282	282	Accadiantaly
283	283	Red Sunset
284	284	Sauvage Classy
285	285	Tokyo 2020
286	286	One Sixty
287	287	Expose
288	288	Superclass Man
289	289	-
290	290	Sexy Killer
291	291	Dwelling
292	292	Elvishore
293	293	Chance
294	294	Tribes
295	295	Mannequin
296	296	Pina Coach
297	297	You So Lovely
298	298	Spices Fragrance
299	299	Glamour Glam
300	300	Jeep Black
301	301	Moonlight Muse
302	302	Exits
303	303	Savile Row
304	304	Exotic Escape
305	305	Na Or Ya
306	306	Senyasen
307	307	Floresta
308	308	Solitary Man
309	309	Fornine
310	310	Pine Fir
311	311	Rafi Ahmad Touch Rafatar
312	312	Arabic Spice
313	313	English M
314	314	Sweet Home
315	315	Black Square
316	316	Run Away
317	317	Iron Man
318	318	Excelsior
319	319	Be Mine
320	320	Shine Review
321	321	Black Snow
322	322	Moment of Truth
323	323	Timber
324	324	Groove Large
325	325	Conoir
326	326	Dorsava
327	327	Lugsary
328	328	Festive Love
329	329	Pyramid
330	330	Guardino
331	331	Haleef
332	332	Esava-X
333	333	Golden Dust
334	334	Camaraderia
335	335	tobacco
336	336	Vanilla Woody
337	337	Satnight
338	338	M Too Man
339	339	Dhuga Light
